labels	text
O O O O O O O O O O O O O O B_facility I_facility I_facility O B_facility O O O O O O O O	@paulwalk It 's the view from where I 'm living for two weeks . Empire State Building = ESB . Pretty bad storm here last evening .
O O O O B_other I_other I_other O O O O O	Gotta dress up for london fashion week and party in style !
O O O O B_sportsteam O O O O B_person I_person O	Cant wait for the ravens game tomorrow .... go ray rice !!!!!!!
O O O O O O O O O O O O O O O B_geo_loc O O O O O O O O O O O O O	Today I got a promotion at work , and tomorrow I 'm going home to Wisconsin for a few days . So content with life right now . )
O O B_geo_loc O O O O O B_other I_other O O O O O O O O O O O	What Do S.F. Rabbis Eat Before and After Yom Kippur ? We Asked Five to Enlighten Us ! via @SFoodie //bit.ly/aQrFUz
O O O O O O O B_geo_loc O O O O O O O B_person O B_product O O O O O	just about off work ! going to alderwood again ) yay . hopefully we got cody 's ipod in the mail today .
O O O O O O O O O B_product O B_company O O O O O O O O O O O O O O O O O O O	There 's a lot of people showing off their iPhones on facebook today , so &lt; so is at such a place , it 's really not that interesting ;o )
O O O O O O O O O O O B_geo_loc O	( RT @themaine Who is coming to the show tomorrow in Hawaii ?
O O O O O B_geo_loc O O O O O O O O O O O O O O O O O O O O	@Strigy got mine in bbt aintree today . Played table tennis on it in store ! V impressed . Did you get analogue controller 2 ?
B_company I_company I_company O B_other I_other I_other O O O O O O B_company O	Time Warner Cable Boycotting Epix Movie Channel Because It Did A Deal With Netflix //dlvr.it/5RgcL
B_person I_person O O O O O O O O O O O O O O O O O O	Soulja Boy | TheDeAndreWay . com - The DeAndre Way in stores Nov . 2 , 2010 //t.co/woAiLlZ via @SouljaBoy
B_person I_person O O O O O O O O O O O O O O O O O O O O O O O O O O O O O	Lindsay Lohan allegedly failed her drug test . So not fetch . Quick , let 's all put on our shocked faces that 23 days of rehab did n't work !
O O O O O B_person O O O O O B_tvshow O O O O	I have a strong hunch Adam will be a story on TMZ tonight . Gulp .
O O O O O B_musicartist I_musicartist I_musicartist O O O O O O O O O O O O O	Check this video out -- Three Days Grace - Break ( Official Music Video ) [ HQ ] //t.co/GOwCLQJ via @youtube
O O O O O B_person O O O O O O O O O O O O O O O O O O O O O	Wow .. saw pictures of Robert .... spent 2 1/2 years with him . Broke up 4 months ago &amp; I miss when we were perfect ..
O O O O O O O O O O O O O O O O O O O O O O O O O O O O B_other O	@Terrysagirl love to , it 's iffy though , i don't wanna give up privacy for the guys . But after episode one , they should be on imdb ;)
O O B_musicartist O O B_musicartist O O O O B_musicartist I_musicartist O O O O O	Shows Tonight-Local Natives @TheMusicBoxLA , Primus @ClubNokia Marina&amp;Diamonds @ElReyTheatre , Mystery Jets @TheTroubadour ( via @TheScenestar )
O O O O B_product O O O O O O O O O O O O O O O O O O O O	@geek @borkware Somehow my iPad in Airplane mode with WiFi off has no problem connecting to internet . Time for a wipe or downgrade .
O O O O O O O O B_geo_loc O O O B_other I_other I_other I_other O O O O O	Just listened to a 24 y/o kid from japan who won the national flat picking championship flipping amazing r/l august rush
O O O O O O O O O O O O O O O O B_other I_other O O B_facility I_facility O O O	RT @ravenalexis Wanna meet me , @jessejane , @rileysteele , and @kayden_kross ? Come to the Body Heat signing at Hustler Hollywood Sep 23rd 8-10pm
B_movie I_movie I_movie O O O O O	Toy story 3 tonight on the lawn !
O O O O O O O O O O O O O B_geo_loc O	Apparently 40 days , 1 hour , 49 mins and 36 seconds to Doha ....
O O O O B_geo_loc O O O O B_facility I_facility O O O O O O O O O O O O O O O O O O O O O O	If you are in Belfast this weekend go to Botanic Gdns , for Taste N I , free food drink face painting etc . Should be good day out . Sat &amp; Sun
O O O O O O O O B_company O	Whats goin on ( in tally ) tonight twitter !!
O O O B_geo_loc O O O O O O O B_geo_loc O O	Beautiful day in Chicago ! Nice to get away from the Florida heat .
O O I_person O O O O O O O O O O O O O O O O B_facility I_facility O	A Hughie O'Donoghue painting , some great curvy pots and intricately illuminated Persian books .. time well spent in the Fitzwilliam .
B_person O O O O	Katie up 6-0 after 1st
O B_other O O O O O O O O O O O O O	On Thanksgiving after you done eating its #TimeToGetOut unless you wanna help with the dishes
O O O O O O O B_sportsteam O B_sportsteam O O O O O B_tvshow I_tvshow I_tvshow O	What is everyone watching this weekend ? Twins ? Vikings ? anyone going to see Friday Night Lights ?
O O O O O O O B_person I_person I_person O B_facility I_facility I_facility O B_geo_loc O B_geo_loc O	Looking for something to do tonight ? Samuel Savoirfaire Williams at Potbelly Lincoln Park in Chicago , IL //bit.ly/bKMFgi
O O O O B_other I_other I_other O O O O O	Gotta dress up for london fashion week and party in style !
O O O O O O O O O O O O O O O O O O O O O B_person O O O O O O	The day you left us was a day we lost a loved one . But we will never leave you , Michael . All our love forever .
O O O O O O O O O O O O O O O B_person I_person O B_person I_person O O O O O O O O B_company	today in a nutshell ; abusing blind people , seducing teachers , chinese takeaways , gatt holly , phil collins , the skin of a goblins nose , lush
O B_movie I_movie O O O O O O O O O O O B_person I_person O O O O O O	Watching The Room for like the fifth time . It 's a classic . Tommy WIseau is a genius . #theroom #tommywiseau
O O O O O O O O O O O B_person I_person O	@GaryLuvin still hot ... But excited about tomorrow going to see Lady Gaga )
O O O O O O O O O O B_company O O O O O O O O O O O O	Apparently #turningpoint has a hash-tag . And @RoundhouseLDN has a Twitter account . So with the formalities over ... see you tomorrow .
O O O B_person O B_person O O O O	Just casually stalking Cheryl AND Dermot tomorrow .... NO BIGGIE
O O O O O O B_musicartist I_musicartist O O	Is sad that she 's missing Cowboy Mouth tonight (
O O O O O O O O O O B_company O O O O O O O O O	i was surprised when she sent me a request on facebook ... we hadnt taLked in a few years (
O O O O O O O O O B_company O O O O O O O O O B_geo_loc O	does any one kno the right address to the walmart that @Treysongz is suppose to be at tomorrow in maryland ??
O O O O O O O B_person O O O O O O O B_other I_other I_other O O B_other I_other I_other O O O	"'I just got confirmed that me and Jorge will be playing 2 songs from "" The Devils Art "" at Words and Wine September ... //fb.me/AyezVfH3'"
O B_company O O O O O O O O O O O	dear youtube why does it take so long to upload a video gggrrrrr
B_person I_person O O O O O O O O O O O B_person I_person O	Willow Smith is not 9 years old .... she got that Lil Mama/ Benjamin Button disease
O O O O O B_other I_other O O O O O O O O	May everyone who is celebrating Yom Kippur have an easy and meaningful fast ! #notaboutbirthcontrol
O O O O O O O O O O O O O B_geo_loc O O O O O B_geo_loc I_geo_loc O O O O O O O O O	@poscas I said to him ' the impression I had of early 80s NYC was if you went to Central Park after dark you'd be lucky to come out alive'...
O O O B_geo_loc O O O O O O O O O O O B_movie I_movie I_movie O O O O O O O O O O O	@TomCruise I'm from Brazil .... and I love you . You're my favorite actor ! Knight and Day is so cool ... My dream is to meet you !
B_facility I_facility I_facility O O O O O O O O O O O O O O O O O O O O B_geo_loc O	Good Day Sunshine //bit.ly/cK4PB8 is available to rent off season ! Great surfing , fishing , hot-tubbing ! I &lt; 3 fall in Rodanthe @OBXcom
O O B_other B_person O O O O O O O B_person I_person O O O O O O O O O O O O O O	watching the VMAs Eminem is BeAsT and is smexy !!; )And Chelsea Handler is hilarious ! Finally got a boyfren he gave me the cutest thing today
B_person I_person O O B_person I_person O B_sportsteam I_sportsteam O O O O	Don Mattingly will replace Joe Torre as LA Dodgers manager after this season
O O O O O O O O O B_person O O	@sardesairajdeep I can see three kinds of reactions after Ayodhya verdict .
O O B_person O O O O O O O O O O O O O O O O O O	@briancag &quot;' Brian .' Isn't available right now ...&quot; hahahaha that 's what I hear when I call your saynow .
B_sportsteam I_sportsteam O O B_person I_person O B_person I_person O O O O O O O O O	Chicago Blackhawks general manager Stan Bowman said Cristobal Huet will be gone in two weeks ... //fan.ac/Ydv #NHL
O O O O O O O O O O O O O O O O O O O O O O O O O O O B_person O	Kristen is MY LIFE . She made me who i am today , I was a fucker before her , she fixed me . And so did Robert .
O O O O O O O O O O O O O O B_company O O O O O O	its friday . but instead of partying or doing homework . I'm going to tumblr for a bit and sleep XD
O O O B_company O O O O O O O	@mynameisraven get on skype or ichat when you see this .
O O O O O O O O O B_geo_loc O O O O O O O O O	i'm off to bed ! tomorrow i'll go to Nijverdal and meet @ElineEpica there , on her sweeeet16 #partyyy
O O O O O O O O B_geo_loc O O O O O O O O O O O O O O O O O	@TheTiniestVole It is . It 's getting across London that 's the killer . Still miss it , though . Lived there for 20 years .
B_geo_loc I_geo_loc O O O O O B_facility O	NEW ORLEANS ! - Tonight @damionyancy at Republic !
O O O O B_other I_other O O O O	Did @kanyewest drop his Good Friday song yet today ?
B_geo_loc O O O O O O O O O O O O O O O O O O	estonia tomorrow with @MyiaOnFyia and the rest of our team ! ready for some good practice games ! )
O O O O O B_person O O O O O O O O O O B_other O O O O O O B_company	&quot; I gotta admit , Alex sounds hot when he talks in spanish during the ' Alejandro ' Cover &quot; -via someone 's tumblr
O O O O O O O O O B_facility I_facility O O O O O B_geo_loc O O O O O O O O O O O O O	Change of Plans on Saturday ! We'll be @ Glover Park farmers market , 9-1 in DC . Come by and try some old favorites &amp; crazy new flavors !
O O O B_person O B_person O O O O O O O O O O O O O O O O O O O O O O	@planetjedward were 's John and Edward ... there Tweets make my day ... now what am i supposed to do ' ( COME BACK TO USSS &lt; 3
O O O O O O B_person O O O O O O O O O O O O O O O O O O O O O O O O	@XrisLastRights yep well .. i know mcfly told me they were going to come back here when i met em ' but anyway ) so , how was your day ?
O O O O O O O O O O O O O O O O O B_geo_loc O O O O O O O O O O O O	what to do , what to do ... gross sushi for dinner but time with family from delaware , or leftover pizza and alone time to write and relax .
O O O O O O O O O O O O O O O O O O B_person O B_person O	Thanks to all who tuned in to my show on //kplu.org the last two days . Ending with Herbie &amp; Freddie !
O O B_company O O O O O O O O	WIN FREE PAMPERS FOR A YEAR !!! And more ... //nblo.gs/80qJu
O O B_sportsteam O O B_sportsteam I_sportsteam I_sportsteam O O O O O O O O O O O O O O O O	RT @robmoysey Eyeopener vs . Ryerson Quidditch team this Sunday at 4 p.m. Anyone know where to get cheap brooms ? #Ryerson @RUQuidditch #Rams
B_person I_person O O O O O O O O O O O O O O O O O O O	Soulja Boy | TheDeAndreWay . com - The DeAndre Way in stores Nov 2 , 2010 souljaboytellem-iga.ning.com via @SouljaBoy ! #Blessed
B_person O O O O O O O O O O O O O O O O O O O O O O O O O O O	Stephen , the Intellectual . @bbhess I bet ppl that design book covers for a living hate when people say do n't judge a book by its cover
O O O O O O O O O O O O O O O O O O O O O O O B_person I_person O O	When you know what you want , and want it bad enough , you will find a way to get it . - Jim Rohn RT @TheSCICoach
O O O O B_person O O B_geo_loc O O O O O O O O O O	last day of sorting pope visit to birmingham stuff out ..... hope it goes ok on sunday !!
O O O O	nightmare before christmas !!!
O O B_product O O O O O O O O O O O O O O O O O O O O O O O O	Lots of Merlot on Thursday night means tired London Ladies are in bed by 23.19 on the Friday . Listening to the arts show on @BBCRadio4 .
O O O O O O O O B_person O B_geo_loc O O O O O	@bookpage We should 've scheduled a meeting with Trisha in Paris for this week ... #deau
O O O O O O O O O O O O O O O O O O O O O O O O B_person O O O O O O B_movie O O O	The Town might be one of the best movies I have seen all year . So , so good . And do n't worry Ben , we already forgave you for Gigli . Really .
O O B_company O O O O O O O O B_product I_product O	//bit.ly/aTTQYq When Pepsi to ring usually confirm to , winning a Nokia 5800 ?
O O O O B_tvshow I_tvshow O O O O O O O O O O O	Just tried to watch The Inbetweeners for the first time , not entirely sure about it .
O B_product I_product O O O O O O	Peace green tea time !! Happyzone !!!! ) ))))
O O O O O O O O O B_person I_person O O B_tvshow	In bed watching Day 51 HLs . ( Awaiting Marcus Bentley ! ) #BB11
O O O O O O O O O B_company O O O O O O O O O O O O O O O O	I got a very , very fun item from FedEx today . I'm so excited to add it to my demo bag ! #PassionParties . #WAHM
O B_tvshow O O O O O O O O O O O O O O O O O O O O O O O O	@Maike_84 Flikken is geweldig ! Ik kan niet wachten tot de nieuwe serie in november .. (geloof ik ) Dit jaar alles gezien via uitzendinggemist .
O O O O O O O O O O O O O B_sportsteam I_sportsteam O O	before the season even starts i will not respond to any new found miami heat fans ...
O O O O O O O O O O O O O O B_facility I_facility O B_musicartist O O B_geo_loc O B_musicartist O B_musicartist O	IF YOU HAVEN'T HEARD ... THERE IS AN AMAZING SHOW GOING ON TONIGHT AT JANNUS LIVE ... SUENALO ! FROM MIAMI W/ SHAKEMODE AND INDIGENOUS ...
O O O O O O O O O O O B_geo_loc O	( RT @themaine Who is coming to the show tomorrow in Hawaii ?
O O O O O O O O B_company O O O O O O	This is one of my favorite days on twitter ever . @radhallman and @foofmcewan kudos
O O O O O B_geo_loc O O O O O O O O O O O O O O O O O O O O	@Strigy got mine in bbt aintree today . Played table tennis on it in store ! V impressed . Did you get analogue controller 2 ?
O O O O O O O O O O O O B_facility I_facility O B_other I_other O B_geo_loc I_geo_loc O O B_geo_loc O O	Performing on Thursday , Sept . 23 at 00 a.m. in the Student Centre at Centennial College ( Progress Campus ) in Scarborough . @ccsai
O O O B_company O O B_person O B_other I_other I_other I_other O O B_geo_loc O O O O	"I favorited a YouTube video -- Yoav "" We All Are Dancing "" ( Copenhagen March 2010 ) //youtu.be/xi8qJ3IKK8U?a"
O O O B_company O O O O O O O O O O O	havent been on facebook for a day . go on and have 0 notifications #foreveralone
O O O O B_person O B_person O O	@HeartLessVick Lol , was george with carmen today ;D
B_person I_person O O O O O B_other I_other I_other O O O O O O O O O	Soulja Boy | TheDeAndreWay . com - The DeAndre Way in stores Nov 2 , 2010 //t.co/ifJBMTR via @SouljaBoy
O O O O B_person I_person O O O O O O O O O O O O O O O O O	of my days like paris hilton doing blowjobs on camera to earn enough money to feed my angry birds habbit until i die
B_person I_person O O O O O O O	Anja Rubik Model in Lingerie of the Day //f.ast.ly/DCaEM
O O O O O O O O O O O O O B_company O O O O O O O O O O O O O O	""" In business , Tuesday is usually the most productive day . For Twitter , is when people tweet the most "" - Ironic , isn't it ?"
O O O O O O O O O O O O O O O O O O O O B_person I_person O	""" Count your age by #friends , not years . Count your life by #smiles , not tears ."" #quote John Lennon #quotes"
O O O O O O O O O O O O O O O O O B_geo_loc O O O	Fuckk man ! I fuckinn missed @yelyahwilliams concert ( #shizz ! I wonder if they're coming to Arizona next year ??
O O O O O O O O O O O O O O O B_geo_loc O O O O O O O O O O O	Why do that to begin with ? lols . @mggykills @dieSIBdie When on vacation in Cebu , you do not sniff your roommate 's boxers . #rulesbetweenmen
O O O O O O O O O O O O B_company I_company O O O O O O O O O O O O O	Oh wow . After like half a year of misaddressing them , Game Informer FINALLY corrected my label printing issues . Hope this one 's good .
O O O O O O O B_person O O	party today &lt; 3 ) happy birthday florence &lt; 3
O O O O O O O O O O B_other I_other O O O O	@LesColyer Who do you film for ? I was on SKY news 2 weeks ago #checkmeout
O O O O O O O O B_geo_loc O O O O O O O O O O O O O O O	Lines for Tonight 's game 00 pm at Burnaby 8Rinks . Please note , these are not the lines for showering tonight ! //twitpic.com/2pducs
O O O B_person O O O O O O O O O O O O O	Hurry up ! Brandy will be Leaving in 2 days ! - #Eskorte and #Massasje i #Norge
O O B_product I_product O O O O O O O O O O O O O O O O O O O O O O O	was on club penguin with @twilightmarisa till she decided to log of to go bed and leave me loool reminded me of my old cp days lol
O O O O O O O O O O O O O O O B_product O O O O B_product O O O O O O O	"Doing "" spring cleaning "", found photo storage tank that is 5x size of my iPhone with less capacity than iPhone4 ... 4 years old , technology !"
O O O O O O O O O O O O O B_company O O O O O O O O O O O O	Next time you'll show restraint you don't get another chance life is no nintendo game but you lied again now you get to watch her leave
O B_person O O O O O O O O O O O B_company O O O O O O O O O O O O O O O O	@davidcushman David , I just realised the other day you're no longer at Brando ? How come ? Doing your own thing ?! ( ps yeah it sucks ! )
O O O O O O O O O O O O B_facility I_facility O O O O O O O O O O	RT @hificlub Come get your blood flowing with @waxromeo &amp; @fordinho at The Heartbeat tonight , or as we call it Hide-and-Go Sikh !
O O O O O O O O B_movie O O O O B_person I_person O O O B_movie I_movie O O O B_movie I_movie I_movie O O O B_person I_person O	"At 7pm we'll show the Awarded movie "" Agora "" by Spanish director Alex Amenabar who directed "" Mar Adentro "" ( "" The Sea Inside "" ) . W/Rachel Weisz ."
O O O O O O O O O O O O O O O O O O O O O B_company O O O O O O O O O O O B_company O	U accused me of doin something . So u ain't talkin to me till Wednesday . Ok . Imma get on twitter since u say I did . Now u mad I'm on twitter !
O O B_company O O O O O O O	dude got gucci symbol tatted all over his face //mediacheckout.blogspot.com/2010/09/nuh-uhhhhhhh-yesterday-we-showed-you.html
O O O O O O O O B_product O O O O O O O	@JusSimplyMee I think i'm going to start buying chipotle for ONE lucky girl every week lol
O O O B_company O O O O O O O O O O O O O O O O O O	Just changed my twitter background , check it out ! Found it at //twitrounds.com .. September 17 , 2010 , 52 pm
O O O O O B_tvshow I_tvshow O O O O O O O O O O O O O O O O O	Check this video out -- General Hospital Spoilers Week 9-27-10 &amp; 10-4-10 //t.co/GciGiuz via @youtube .. ahhh OMG ! Can't wait to see this
O O O O O O O O O O O B_geo_loc O O O B_geo_loc O O O O O O O O O O O	It 's the fescue turf grass aeration &amp; overseeding season for Atlanta &amp; N . Georgia . Do some evaluation &amp; planning beforehand , there 's time
O O O O O O O O O O O O O O O O O O O B_person O	Haha watching @littleradge ' s first blog . &quot; Probably won't keep it up &quot; You lied big time Liam !
O O B_company O O O O O O O O O O	Not much Twitter action here tonight or morning from you southern lot .
O O O O O O O B_person O O O O O O O O O O O O O O O O O O O O O O O O	Goodnight twitterland !! seee you tomorrow ) Michael I love you more than my life ... the biggest kiss for you my love !!! D L . O . V . E
O O O B_sportsteam O O O O O O O O O O O O O O O O O O O B_geo_loc I_geo_loc O	Let 's go Yanks ! Sad that I can't go to the game tonight ... but super excited to spend the weekend in Happy Valley !
O O O B_person O B_other I_other O O O O O O O O O O O O O O O	"'On set filming Chris "" Rainy Days "" video . This is the final scene then we can finally edit it .'"
O O O O O O O O O O O O B_person O O O O O O O	Ew wait baq da fuq up . I have to look after Michael and his friend ... JOY . -___-op
O O O B_company O O B_other O B_musicartist I_musicartist O	I favorited a YouTube video -- Water by Testing Tomorrow //youtu.be/htAM7lgcelw?a
B_sportsteam I_sportsteam O O O O O O B_geo_loc O O O O	Cleveland Browns ( Official Site ) &gt; &gt; Delhomme doubtful for Sunday //buzztap.com/-tgXgig
O O O B_person I_person O O O O O O O O O O O O O O O O O O O O O O O	OH-OH It seems Lindsay Lohan maybe be heading back to jail . The actress has failed a court mandated drug test &amp; could face 30 days in prison
O O O O B_company O O O	So tired .. Goodnight twitter ! tty tomorrow
O O B_company O O O O O O O O O O O O O O O O O	Why is twitter dead ? Oh yeah , that 's right , other people have lives on Friday nights .
O O O O O O O O O O O O O O O O O O O B_person O B_person O O O O O B_person O O O O	I was rotfl at lunch today . xD My BFF &amp; I sat next to these 2 boys , Shane &amp; Jonah . And this girl , Claire . ( cont )
O O O B_geo_loc I_geo_loc O O O O O O O O O O O O B_geo_loc O O O	A week in New Jersey , of all places , and I never want to hear a *Boston* accent again .
O O O O O B_geo_loc O O O B_musicartist I_musicartist O O O B_musicartist O B_musicartist I_musicartist O O O O O O O	A Twisted two nighter in London NOVEMBER 18 ... Younger Brother ( Live) , Shpongle ( Simon Posford DJ set ) and other ... //fb.me/Hqwb7kzG
O O O I_sportsteam I_sportsteam O B_sportsteam I_sportsteam O O O O O O O O O O	#futbol &gt; Newcastle Jets Youth v AIS U21 @ 18 Sep 00 - precios actualizados ! //bit.ly/dBJacr #apuestas
O O O O O O O O O O O O O O O B_tvshow I_tvshow O O O O O O O	Ahhhh ! Omg . Just saw a preview for episode one of season six of Criminal Minds ! Can't wait for next week !
O O O B_facility O O O O O O O O O B_company O O O O O O O O O O O O O O	Find us at Tipitina 's tonight and mention that you're following us on Twitter and get a FREE Fried Mac N ' Cheese ball with any order !
O B_person I_person O	#BlackHoliday Marvin Gaye Day
O O O O O O O O O O O O O O B_tvshow I_tvshow O O O O O	Okay , I'm kinda proud . I finished the first 8 books of the True Blood novels in 8 days .
O O O O O O B_person I_person O O O O O O O O O O O O O B_person I_person O O O O O O O O O	A guy at work calls me Larry Bird when I shoot hoops in the break room . Should I call him Joel Ward if he 's playing air hockey ? #profiling .
O O O O B_other I_other I_other O	Ceremony Sunday to mark Battle of Britain //dlvr.it/5RhwW
O O O O O O O O O O O O O O O O O O B_geo_loc O O O O O B_person	Dear sun , it 's approaching the end of September and seriously , you're still unbearable . Give Arizona a break . Love , Mackenna
O O O O O O B_person O O O O O O O O O O O O O O O O O O	@since1938 @Kimmiecoomd Kudos to them , Lois was always &quot; there 's something about you .. whatever tell me when you're ready &quot; thing .
O O O O O O O O O O O O B_company O O O O	I'm being stalked by @thisisiceland . I saw this when I opened flipboard just now . //yfrog.com/eir70oj
O O O O O O O O O O O O O B_sportsteam I_sportsteam O O O O O O O O O O O O O O	Oh before I forget good luck also to the cherry and whites against London Irish . Only a win will do . Gives me more excuses to celebrate !
O O O O O O O O O O O O O O O O O B_company I_company O O O O B_geo_loc O	Just as i have pointed out to our readers- The Canadian Markets offer so much opportunity . Gabriel Resources shares shoot up after Romania mo
B_person O O O O O O O O O O O B_company I_company I_company O O O O O O O O O O	David 's new season celery @OrfordMarket tomorrow , plus local apples from High House Farm = mighty fine local Waldorf Salad . Yes please .
O O O O O O O B_person I_person O O O	Salty i broke one of my favorite Betsey Johnson necklaces today !!
O O O O O O O B_geo_loc O O O O O O O O O O O O O O O O O O O	RT @dropolo Headed to da gump today alabama here I come &lt; &lt; come to shut it down broski .. fuck wit me..Parlae 's in house producer
O O O O O O O O O B_other I_other O O O O O O O O O O O O O O O	Is all done getting things set up for the Ultimate Magic playtest that starts on Monday . Ca n't wait to see what people think .
B_person I_person I_person O O O O B_person I_person O O O O	Amber Le Bon is to walk in Giles Deacon 's Monday LFW show
O O O O O O O O O B_musicartist I_musicartist I_musicartist O O O O O O O O O O O	LOL A-W-E-S-O-M-E !! btw , totally agree RT @fanoffob Fall Out Boy is gay #reallymeans I 'm secretly a big time fan .
B_geo_loc O O O O O B_other I_other O O O O O O	Israel grinds to a halt for Yom Kippur fasting day ( wwrn.org ) //bit.ly/cqlwCZ
O O O O O B_geo_loc O O O O O O O O O O O O O O O O O O O O	to all my girls in london or travelling up tomorrow i love and miss you wish i could be there ! NEXT YEAR I WILL !
O O B_person I_person O O O O O B_person I_person O O O O O	Rep . Bono Mack to criticize fellow desert dweller Barbara Boxer at event today . //tinyurl.com/2bhyuq7
O O O B_person O O O O O O O O	No . The Pope asked me to stay after class . #moviedialoguewithpopesubstitute
O O O B_company O O B_tvshow I_tvshow O O O O O O O	I liked a YouTube video -- Family Guy - Songs Named After a Girl //youtu.be/ErPsx8zdnX4?a
O O O O B_geo_loc O O O O O O O B_geo_loc O O	@NeilPen I position to Manchester tomorrow on BA 2910 and fly to Barbados on Sunday
O O O O O O O O O O O O B_geo_loc O O O O O O O O O O O O O O O B_company O O	... if I didnt have to worry about $ I'd move to VT and buy some hogs and spend my days dropping LSD and taking long walks in gucci shoes ...
O O B_geo_loc O B_facility I_facility I_facility O O O O O O O O O O O O O O O O	Tomorrow - London - Hyde Park Corner - 1.30 pm . If you cannot be there - send out supportive thought waves !
O O O O O O O B_person I_person O B_person O O O O O O O O O O O O O O O O	When the last time you ran into Rick Ross and Drake twice in the same day at 2 diff video shoot locations . Today I did !
O O O B_company O O B_musicartist I_musicartist O	I liked a YouTube video -- Testing Tomorrow //youtu.be/aOYInsel7Qw?a
O O O O B_company O O O O O O O O O O O O O O O O O B_product O O	The forced ads in ngmoco games are outstandingly annoying ! Looks like it 's time to delete all their apps from my iOS devices !
O O O O O O O O O O O O O O B_person I_person O	@Surfrdan to be fair though it 's roughly the millionth time he 's played Tony Blair .
O O O O O O O B_musicartist O O O O O O O O O O O O O O	Great week for music with @blindoldfreak , UNKLE &amp; @trent_reznor all putting out new releases . Amazing stuff . **Support decent music**
O O O O O O O O O O O O O O O O O O O O O O O B_person O O O O O O B_movie O O O	The Town might be one of the best movies I have seen all year . So , so good . And don't worry Ben , we already forgave you for Gigli . Really .
O O O O O O O O O O O O O B_facility I_facility I_facility O B_facility O O O O O O O O	@paulwalk It 's the view from where I'm living for two weeks . Empire State Building = ESB . Pretty bad storm here last evening .
O O O B_geo_loc O O O O	@hannibal_flow I got miami pics for days lol
O O O O O O B_geo_loc O	ALL TIME LOW ARE COMMING TO GLASGOW !!!!!!!!!!!!!!!!!!!
O O B_sportsteam O O B_sportsteam I_sportsteam O O O O O O O O O O O O O O O O O	RT @robmoysey Eyeopener vs . Ryerson Quidditch team this Sunday at 4 p.m. Anyone know where to get cheap brooms ? #Ryerson @RUQuidditch #Rams
O O B_person O O O O O O O O O O O O O O O O O O	He said Rihanna all low toned and shit !! Prolly the first time he said her names in AGES !!! LMFAOOOOO
O O O O O O O B_facility O O O O O O O O O O O O O	omg @wethekings is playing a show at Stetson in November .. if it 's students only , I will be pissed
O O O O B_other O O B_other O O O O O O O O B_other O O B_tvshow I_tvshow O O O	BBL started tonight , EBL tmrw , Euroleague qualifiers tues but damn , i can haz NBA now ? League Pass withdrawal symptoms ......
O B_person I_person O O O O O O O O O O O O O O O O O O	Join Anya Kamenetz on Monday 's #Mozilla #Drumbeat community call . DIY U and the future of education . //mzl.la/azQO2g @anya1anya
O O O O I_product I_product I_product O O O B_product I_product O O O O O O O O O O O	"Branching out from Lincoln park after dark ... Hello "" Russian navy "" it 's like the same thing but with glitter !"
O O O O B_geo_loc O O O O O O O O O O O O O O O	Read so much on India , looks like a cert for future vacation , when I'm retired probably - //bit.ly/b9vMjW
O O O O B_geo_loc	@thevoiceoverguy 9 days then Sydney
O O O B_person O O O O B_person O O O O O O O B_company O O O O O O O O O	@TheEllenShow #AskEllen Hi Ellen . Can you ask Portia when she 's going to make a Twitter account ? Love you both so much ! Xo
O O O O O O O O O O O O O O B_movie I_movie O O O B_movie O O O	The Town was a really good movie !!! Now passing the time watching &quot; Easy A &quot; until &quot; Devil &quot; starts !
O O O B_company I_company O O O O O O O O O O O O O O O O	I went to old navy today and bought two pairs of pants . Now I have three pairs of pants !
O O O O O O O O O O O O O O O O O B_product O O	@johngirvin you've been working on that all night ! I suspect you may even have opened a git manual .
O O O O O O O O O O B_company I_company O O O O O O O O O O O O O O O O	Just ordered pizza . First time since May to order Pizza Hut . Definitely not a fave , but Pizza by the Chef doesn't deliver five hours away/
O O O O O B_geo_loc O O O O B_geo_loc O O O O	@FLAM3Z130 half the time in inglewood the other half in mv ... where u been
O O O O O B_other I_other O O B_geo_loc O O	is going to be at HoveLive Festival tomorrow in Belgium ! //fb.me/v5CUZkEY
O B_other I_other I_other O B_geo_loc O O O O O O O O O O O O O O O	#plan Land of Talk - Minneapolis ( First Avenue and 7th St Entry ) Wed , Sep 29 , 2010 //planca.st/AwQ
O B_other O O B_geo_loc O O O O O O O O O O O O O O B_person I_person O O O O O O O O O O O	When TIFF is in Tdot , ALWAYS have ur camera in purse ! Managed to get a pic of EVA MENDES ! Didn't know she was signing autographs @ the mall .
O O O I_movie O O O O O O O O O O	watching camp rock 2 again ... all the way through this time P .
O O O O B_product O O O O O O O O O O O O O O O O O O	@Vivianna_loves I just bought Dior mascara for the first time ..... its the only mascara that doesn't make me wanna wear lashes .
O O O O O O O O O O O O B_company O	hmm , I always get a bit scared when I update my Blackberry ....
O O O O O O O O O O O B_company O O O O O O O O O O O O O O O	@iFckd_Hannah wow , sounds like ur pretty busy these days ... twitpic ur new haircut hehe ) so ur havin a relaxin friday , no parties ?
O O O O O B_other I_other O O	"'::: Flashback Friday - "" Dancing Queen "" //bit.ly/d49VXU'"
O O O O O O O B_product I_product O O O O O O O O O O O O B_geo_loc O O O O O	Well , I was gonna buy a Zune HD ... but now that the @Rally4Sanity exists , I must go to D.C. next month . YESSSSSS .
O O O O O O O O O O O B_company O O O O B_company	Haven't tweeted since june wow ....................... but I did get a facebook so who cares about twitter
O O O B_geo_loc O O O O O O O O O O O O O O O O	So here in Belgium its now 7minutes before midnight ,, Tell me how late it is were you live D
O O B_person O B_person I_person O O B_person O O O O O O O O	he likes prince , paul simon , and o.d.b. i may have found my soul mate .
O O O O O O O O B_product O O O O O O O O O B_other I_other O O O O O O O O O	"'@stephaniebriggs Jumped in the truck , flipped the iPod over to shuffle , and it gives me "" goodbye moon "". Probably a year since last heard it !'"
O O O O O O O O O O O O O O O B_company O B_company O O O	I love it , I can torment my friends and their kids long distance via fb and twitter . Mwahaha !
O O O O O B_company O O O O O O O O O O O O O O O O	@superanne Can I get a Twitter software to spew random bullshit about airports/coffee/conferences ? Cause that would free up some time .
O O O O O O O B_person I_person O O O O O O O O O O O O O	Let 's all take a shot for Lindsay Lohan tonight . Maybe snort a line if you're a real dedicated fan .
O O O O O O B_facility I_facility O O O O O O O O B_geo_loc O O O O O O O O	I just remembered this week is The Heatwave 7th birthday ... meant to make tonight 's Brixton bashment our birthday party but I forgot LOL
O B_movie I_movie O O O B_geo_loc O O O O	' Breaking Dawn ' Returns to Vancouver on January 11th //bit.ly/dbDMs8
O O O O O O B_other I_other O O O O O O O O O O O O O O O O O O O O	"'"" When I think of the Fearless Tour , I think of how this is one of the golden ages of my life . High school ..."" //tumblr.com/xbhiucqso'"
B_person I_person O O O O O B_other I_other I_other O O O O O O O O O	Soulja Boy | TheDeAndreWay . com - The DeAndre Way in stores Nov 2 , 2010 //t.co/8XvVWHz via @SouljaBoy
O O B_person I_person O B_geo_loc O O O O O O B_other I_other I_other O O O O O O O O O	Blades trade Travis Toomey to Seattle for 4th Rd Pick in ' 11 Bantam Draft . 7 20-year olds remain . #yxe #Blades #WHL
O O O O O B_musicartist I_musicartist I_musicartist	On My Own Time - Gym Class Heroes
O B_other O O O O O O O O O O O O O	On Thanksgiving after you done eating its #TimeToGetOut unless you wanna help with the dishes
O B_person O O O O O O O O O O O O O O O O O O B_person I_person O O O O O O	omg simone is coming over then 2morrow we foin 2 da fall festival cant wait 4 GAC 2night ! an Justin Bieber concert in Dec .!!!!!!! &lt; 3
O B_company O O O O O O O O O O O O O O O O O O O O	Personal Twitter is now ago . People can now keep track of me instead of just my films and production company .
O O O O B_geo_loc O O O O O O O O O O O O O O O	@aplusk //www.youtube.com/watch?v=eLMui7zBiXo we beat kilkenny after they beat us for the last 4 years in the hurling . Woo !!!
O O O O O O B_product O O O O O O O B_product I_product O O O O O	; I can upgrade to a BlackBerry in November !! Yesss . &lt; 3 BB Bold , here I come !
O O B_product O O O O O O O O O O B_geo_loc O O O O O O O O O O	Must say iPhone is more accurate . Wasnt brought up here though , Wrawby is where I spent 18 years of my life .
B_movie I_movie O O B_movie I_movie O B_movie I_movie O B_movie I_movie I_movie O O O O O O O O O O O O	Half baked , next how high , grandma boys , puff puff pass , and 4 hours of friday . &lt; DEAD GREEN HARTS &gt;
O O O O O O O O O O O O O O O O O O O B_product I_product I_product O O O O O	Good golly . Who left the candy in the lunchroom . May set a world record for the most Sour Patch kids eaten by an individual !
O O O O O B_other I_other O O O O O O O O O O O O O O O B_geo_loc O O	@SoccerByIves Let 's hope the Serie A continues to be on the tv schedule next week . This strike has fans of Calcio worried ....
O O O B_geo_loc O O O O O O O B_geo_loc O O	Beautiful day in Chicago ! Nice to get away from the Florida heat .
O O O O O O B_movie I_movie I_movie O O O O O O O O O O O O O O O	Oh lord here we go again Paranormal Activity 2 //j.mp/ascgZr I 'm not requesting it in my area this time . Are you ?
O O O O O B_other O O O O O O O O O O	@Jessica_Chobot did you see the yakuza vs zombies .... smh but cool at the same time
O O B_person I_person O O	Happy B-Day Jimmie Johnson FLYING LIZARD
O O B_person I_person O O O O O O O O O	Jets coach Rex Ryan pleased with the offense this week in practice //bit.ly/9GkyjU
O O O O O O O O O O O B_company O O O O O O O O	Over 1 , 5 week sta ik in de keuken bij Delphi ... ik word toch ooit nog kok !
O O O O O O O O O O O O O O O O O O O O B_geo_loc O O O O O O B_person I_person	I have made the tough decisions , always with an eye toward the bottom line . Perhaps it 's time America was run like a business . Donald Trump
B_musicartist I_musicartist I_musicartist I_musicartist O B_musicartist I_musicartist I_musicartist I_musicartist O O B_musicartist I_musicartist O O O O O O O O O O O O O O O O O O O	The Get Up Kids , Sunny Day Real Estate , and Cap'n Jazz are quite possibly the greatest ( original ) emo bands to ever exist . Ever . So listen .
O O O O O O O B_person I_person O O O O O O O O O O O O O O O O O O	Consider the world 's top-ranked golfer , Tiger Woods . If a guy who can rake in a billion dollars in a year can also ... //bit.ly/94sBNr
O O O O O O O O O O O O O O O O O O O O B_person I_person O O O O O O	Omfg I'm bailing out of the car right now my mom slapped me when I changed the radio off this Justin Bieber you smile I smile fucking song
O O O O O O O O B_geo_loc O O O O O	@yungtybrownski just weak lol . You gone go Hamm next Thursday on team darkness
O O O O I_company I_company B_geo_loc I_geo_loc O O O O O O O O O	Chinese symbols Sotheby | ' s Hong Kong twentieth century Chinese art sales fall in October //bit.ly/aFLHax
B_person I_person O O O O O O O O O O O O O O O O O O O O O O O O O O O O	Lindsay Lohan allegedly failed her drug test . So not fetch . Quick , let 's all put on our shocked faces that 23 days of rehab didn't work !
O O O O O O O O O O O B_product I_product O B_person I_person O O O O	Logging off for today . About to go enjoy my #wkndread Sandman Slim by Richard Kadrey . Love #wkndreads )
O O O O O O O O O O O O O O O O O O O O O O O O O B_person I_person O	@ALiNA_BlahxD nein , das ist die von meinem bruder . aber bei ihm staubt die nur ein D jetzt kann ich schon one time von justin bieber und
O O O O O B_musicartist I_musicartist I_musicartist O O O O O O O	@EssieLovesYou yesterday i had a kings of leon marathon . i slept happy ll !
O O O B_company O O O O O O O O O O O O O	#stupidnews An Entire Facebook Photo Album Captured in a Single Long Exposure Photograph [ Photography ] //gizmo.do/9GeY0q
O O O O B_geo_loc O B_geo_loc O B_facility I_facility O O O O O O	New show announced in Orillia , ON at Leacock Museum on October 24 , 2010 //artistdata.com/a/26up
O O O O B_geo_loc O O O O O O O O O O O O O O O	@aplusk //www.youtube.com/watch?v=eLMui7zBiXo we beat kilkenny after they beat us for the last 4 years in the hurling . Woo !!!
O O O O O O O B_other I_other O O O O O O O O B_product O O	Only a few short weeks until the Great Pumpkin rises ! Maybe he will bring me an iPad ! //grtpmpkin.com/4fj
B_company B_geo_loc O O O O O O O O	Costco Irvine has fresh sushi samples today . Awesome .
O O O O B_musicartist I_musicartist O O O O O O O O	Wonder what the new Green Day album will called , Tre 's Penis ?
O O O O O O B_geo_loc O O O O O O O O	@colintattum It 's already tomorrow in Australia so can you tell just me now ?!
O B_person O O O O O O O O O O O O O O O O O	The pope isn't really making much of an effort . He 's wearing the same clothes as yesterday .
B_person I_person O O B_person O B_other I_other I_other I_other I_other O O O	Justin Timberlake ft . Beyonce - Until the End of Time //t.co/kUe6djJ via @youtube
O O O O O O B_tvshow I_tvshow O O O O O O	Any 1 know when season 3 True Blood is back on the telly ?
O O B_person I_person O B_person I_person O O O O B_other I_other I_other O O O O O O	Second-year CBs Jerraud Powers and Jacob Lacey don't remember much about Manning Bowl I . Both were college ... //bit.ly/at71uZ
O O O O O O O O O O O B_geo_loc O O O O O O O O O O O O O O O O O O O O	@MajorBerry Praying with ya that he answers &amp; will be in Sweden , so you can meet him ! I met him 3 weeks ago &amp; still thinking about it lol .
O O O O O O O B_musicartist I_musicartist O O	@write_as_rain you need to listen to that green day song .
O O O O B_person O O O O O O O O O O O O B_company O O O O O O O O O O O	were too much . MJ still had it but he was 50 years old at time . AEG just wanted more money off his name like everyone else @JackieJackson5
O O O B_musicartist I_musicartist O O O B_facility I_facility O B_geo_loc O B_geo_loc O O O O O O O O O O O O	HAVE YOU HEARD DJ STRATEGY IS NOW AT VISIONS LOUNGE IN HICKORY , NC ON WEDNESDAY ; S NIGHTS ... WOW !! DONT MISS IT !
O O O O O O O O O B_person I_person O O O O O O O O O O O O O O O O O O O	I know when my mom saw a picture of justin bieber she said that he was cute . She said she didn't. But , she did . Haha . )
O O O O O O O O B_company O O O O O O O O	The #gothic Daily is out - read this Twitter newspaper on //bit.ly/aQOoSP ( 22 contributions today )
O O O O B_product O O O O O O	Used a lot of Sellotape today ) printing on Monday ;D
O O O O O O O O O O O O O O O O O O O O B_geo_loc O O O O O O O O O O	right . Five Star Day came out in may this year . why haven't ANY trailers come out here in Scotland yet ? i've waited about a year for this !
O O O O B_person I_person O B_person I_person O O O O O O O O O O O	The Metro Sept 26 Mannie Fresh and Jermaine Dupri fa da after party , holla at me fa ur tickets
O O O O O O O O O O O O B_other I_other O O O O O O O B_person I_person O	"'MUSIC CHOICE JUST HIT ME SO IF YOU ON DEMAND TONITE "" GOTTA BODY "" MUST LISTEN ( FREEKEY ZEKEY FT JIM JONES )'"
O O O O O O O O B_geo_loc O B_person O O O B_geo_loc I_geo_loc O	After a great two days of meetings with Houston , Fes is back in Salt Lake .
O O O O O B_facility I_facility O B_geo_loc O B_product O O O O O O O O O O	@sjonrefur Tuesday-Fight Night , Wednesday-MvC3 Fight Club in Chicago . Pringles , baby ! Hope you get better by then !
O O O B_company O O O O O O O O O O O O	Social networking site Facebook officially has 500 million users , the company announced 21 July //ow.ly/20ATc
O B_person O O O O O O B_geo_loc O O O O O O O O O O O	@jasonderulo jason , coming to see you at Newcastle-Upon-Tyne in Feb , cant wait !! How are you ? xx
O O O O O O B_company O O O O O O O O	I don't know what criteria does MTV use to give music awards these days .
O O O O O O O O O O O O B_other O	@KrisReyes Have an awesome time on your travels!I'll miss seeing u on CityTV !
O O B_geo_loc O O O O O O O B_geo_loc O O O O O O O O O O	back from Verona ) Looking forward to come back in Paris next week . We plan a drink together friends ?
O O O O O O O O O O O O O O O O O O B_company O O O O O O	12 am tweet just planned the day after reading loads of NEWS ... tommorrow is a big day wipro 's interview checking my pronunciation ..!
O B_person O B_person I_person O O O O O O O O O O	@karensuluay Hyna the Brad paisley concert we were supposed to go to is tonight *tear*
O O O O O O B_other O O O O O O	If my calculation is right , Christmas is only 98 days away ...
O O O O O O O B_company O O O O O O O O O	I'm pleased to have introduced @TheSmokingGunn to twitter . May he become as inane as me .
O O O O O O O O B_company O O O O O O O	Home made cod &amp; chips + bottle of Microsoft provided champagne = top class Friday ;-)
O O O O O O O O B_geo_loc O O O O O O O O O O O	@krtgrphr Arre no . After experiencing loos in Japan , I'm spoiled forever . Now everything is SulahShauchalay baraabar .
O O O O B_person O O B_person O O O O O O O O O O O O O O O O	Omg i just found Roy 's and Greg 's old band 's website ! but when I clicked on it , it wouldn't '(
B_other I_other I_other I_other I_other O O O O O O O O O O O O O O	International Observe the Moon Night ( 9/18/2010 ) | Saturday , Sep 18 , 00 PM | //bit.ly/bVOdBF #cuboulder
O O O O O O B_geo_loc O O O O O O O	@DebVRuns hi pal !! How 's Hawaii ?? when are you heading home !
O O O I_other B_person O	#nowplaying when im gone eminem )
